row,col,has_package,UP,DOWN,LEFT,RIGHT
0,0,False,0.0,-3.9,0.0,0.0
0,0,True,0.0,-0.7,0.0,0.0
0,2,False,0.0,0.0,0.0,0.0
0,2,True,0.0,0.0,0.0,0.0
0,4,False,0.0,-3.7,0.0,-3.7
0,4,True,0.0,-0.5,0.0,-0.6
0,5,False,0.0,-3.65,-3.75,0.0
0,5,True,0.0,-0.55,-0.55,0.0
0,7,False,0.0,-3.04734,0.0,0.0
0,7,True,0.0,-0.65,0.0,0.0
0,9,False,0.0,-3.45,0.0,0.0
0,9,True,0.0,-0.75,0.0,0.0
0,12,False,0.0,-2.55787,0.0,-3.0168
0,12,True,0.0,-0.9,0.0,-1.0
0,13,False,0.0,-3.39074,-3.35,0.0
0,13,True,0.0,-0.95,-0.95,0.0
0,15,False,0.0,-0.6317,0.0,-2.202
0,15,True,0.0,-1.05,0.0,-1.15
0,16,False,0.0,-3.0993,-4.02399,-1.61625
0,16,True,0.0,-1.1,-1.1,-1.2
0,17,False,0.0,-5.90444,-5.71864,-2.38145
0,17,True,0.0,-1.15,-1.15,-1.25
0,18,False,0.0,-5.51453,-5.34641,-2.36359
0,18,True,0.0,-1.2,-1.2,-1.3
0,19,False,0.0,0.0,-6.16335,-3.39337
0,19,True,0.0,0.0,-1.25,-1.35
0,20,False,0.0,-2.36339,-6.28091,0.0
0,20,True,0.0,-1.3,-1.3,0.0
0,22,False,0.0,0.0,0.0,-1.17396
0,22,True,0.0,0.0,0.0,-1.5
0,23,False,0.0,-0.86706,-7.17066,0.0
0,23,True,0.0,-1.45,-1.45,0.0
0,26,False,0.0,-1.13631,0.0,-4.14782
0,26,True,0.0,-1.6,0.0,-1.7
0,27,False,0.0,-1.06097,-1.97013,0.0
0,27,True,0.0,-1.65,-1.65,0.0
0,29,False,0.0,-2.39763,0.0,-3.95416
0,29,True,0.0,-1.75,0.0,-1.85
0,30,False,0.0,-1.81324,-2.68964,-3.92756
0,30,True,0.0,-1.8,-1.8,-1.9
0,31,False,0.0,-3.15,-1.64563,0.0
0,31,True,0.0,-1.85,-1.85,0.0
1,0,False,-3.95,-3.85,0.0,0.0
1,0,True,-0.75,-0.65,0.0,0.0
1,4,False,-3.75,-3.65,0.0,-3.65
1,4,True,-0.55,-0.47889,0.0,-1.24503
1,5,False,-3.7,-3.6,-3.7,-3.6
1,5,True,-0.6,-0.5,-0.41818,-1.30272
1,6,False,0.0,0.0,-3.65,-3.2644
1,6,True,0.0,0.0,-0.28503,-0.65
1,7,False,-4.7203,-3.1493,-4.27392,-3.5
1,7,True,-0.7,-0.6,-0.6,-0.7
1,8,False,0.0,-3.45,-4.2244,-3.45
1,8,True,0.0,-0.65,-0.65,-0.75
1,9,False,-3.5,-3.4,-4.17488,-3.02518
1,9,True,-0.8,-0.7,-0.7,-0.8
1,10,False,0.0,-3.06632,-4.12536,-2.9565
1,10,True,0.0,-0.75,-0.75,-0.85
1,11,False,0.0,-2.82333,-4.49881,-3.3
1,11,True,0.0,-0.8,-0.8,-0.9
1,12,False,-4.9319,-2.90225,-4.02632,-3.68728
1,12,True,-0.95,-0.85,-0.85,-0.95
1,13,False,-3.3,-2.8341,-4.41105,-1.91294
1,13,True,-1.0,-0.9,-0.9,-1.0
1,14,False,0.0,0.0,-7.49809,-2.14079
1,14,True,0.0,0.0,-0.95,-1.05
1,15,False,-3.93789,-1.42005,-4.62331,-3.11836
1,15,True,-1.1,-1.0,-1.0,-1.1
1,16,False,-5.98564,0.0,-4.47843,-5.94798
1,16,True,-1.15,0.0,-1.05,-1.15
1,17,False,-5.27242,0.0,-6.90014,-4.99859
1,17,True,-1.2,0.0,-1.1,-1.2
1,18,False,-6.18196,0.0,-8.60035,0.0
1,18,True,-1.25,0.0,-1.15,0.0
1,20,False,-7.05628,0.0,0.0,1.46051
1,20,True,-1.35,0.0,0.0,-1.35
1,21,False,0.0,2.43809,-5.31912,0.0
1,21,True,0.0,-1.3,-1.3,0.0
1,23,False,-4.29545,-0.29519,0.0,0.0
1,23,True,-1.5,-1.4,0.0,0.0
1,25,False,0.0,0.21579,0.0,-3.93119
1,25,True,0.0,-1.5,0.0,-1.6
1,26,False,-4.40793,-0.06318,-0.97869,-4.0898
1,26,True,-1.65,-1.55,-1.55,-1.65
1,27,False,-4.52376,-0.58787,-0.79188,-4.2853
1,27,True,-1.7,-1.6,-1.6,-1.7
1,28,False,0.0,-1.55525,-1.11433,-3.05
1,28,True,0.0,-1.65,-1.65,-1.75
1,29,False,-4.01872,-2.95968,-2.21237,-4.96145
1,29,True,-1.8,-1.7,-1.7,-1.8
1,30,False,-4.47311,-4.06738,-2.46593,-5.16634
1,30,True,-1.85,-1.75,-1.75,-1.85
1,31,False,-4.5605,-2.81585,-2.42121,0.0
1,31,True,-1.9,-1.8,-1.8,0.0
2,0,False,-3.9,-3.8,0.0,-3.8
2,0,True,-0.7,-0.6,0.0,-0.6
2,1,False,0.0,-3.75,-3.85,-3.75
2,1,True,0.0,-0.51393,-0.65,-0.55
2,2,False,0.0,-3.7,-3.8,-3.7
2,2,True,0.0,-0.172,-1.30272,0.08629
2,3,False,0.0,0.0,-3.75,-3.65
2,3,True,0.0,0.0,-1.71206,-0.12323
2,4,False,-3.7,0.0,-3.7,-3.6
2,4,True,-2.14359,0.0,-2.00976,-2.09604
2,5,False,-3.65,-3.55,-3.65,0.0
2,5,True,-1.77326,0.95084,-0.04027,0.0
2,7,False,-3.55,-2.88356,0.0,-3.08483
2,7,True,-0.65,-0.55,0.0,-0.65
2,8,False,-3.5,-3.05048,-4.17488,-3.05579
2,8,True,-0.7,-0.6,-0.6,-0.7
2,9,False,-4.039,-3.08936,-4.12536,-3.06632
2,9,True,-0.75,-0.65,-0.65,-0.75
2,10,False,-3.4,0.0,-4.58948,-1.90552
2,10,True,-0.8,0.0,-0.7,-0.8
2,11,False,-3.9165,-1.50979,-4.60675,-2.90225
2,11,True,-0.85,-0.75,-0.75,-0.85
2,12,False,-4.41105,-2.53867,-4.31204,-2.98798
2,12,True,-0.9,-0.8,-0.8,-0.9
2,13,False,-4.49527,-2.20459,-4.76818,0.0
2,13,True,-0.95,-0.85,-0.85,0.0
2,15,False,-4.4392,-1.60906,0.0,0.0
2,15,True,-1.05,-0.95,0.0,0.0
2,19,False,0.0,0.0,0.0,0.0
2,19,True,0.0,0.0,0.0,0.0
2,21,False,-2.45515,3.45677,0.0,3.03762
2,21,True,-1.35,-1.25,0.0,-1.35
2,22,False,0.0,3.51052,-2.34396,-0.26292
2,22,True,0.0,-1.3,-1.3,-1.4
2,23,False,-4.64246,-0.27279,-1.44573,0.0
2,23,True,-1.45,-1.35,-1.35,0.0
2,25,False,-4.08313,-0.30677,0.0,-3.8291
2,25,True,-1.55,-1.45,0.0,-1.55
2,26,False,-4.09979,0.0,0.00833,-3.79548
2,26,True,-1.6,0.0,-1.5,-1.6
2,27,False,-3.99162,-2.6781,0.07538,-4.06791
2,27,True,-1.65,-1.55,-1.55,-1.65
2,28,False,-3.96812,0.0,-1.53341,-4.61864
2,28,True,-1.7,0.0,-1.6,-1.7
2,29,False,-4.91294,0.0,-2.95,-3.05
2,29,True,-1.75,0.0,-1.65,-1.75
2,30,False,-4.50284,0.0,-2.92904,-5.10076
2,30,True,-1.8,0.0,-1.7,-1.8
2,31,False,-4.94651,0.0,-4.39965,0.0
2,31,True,-1.85,0.0,-1.75,0.0
3,0,False,-3.85,-3.75,0.0,-3.75
3,0,True,-0.65,-0.55,0.0,-0.55
3,1,False,-3.8,0.0,-3.8,-3.7
3,1,True,-0.6,0.0,-0.6,-0.54387
3,2,False,-3.75,0.0,-3.75,0.0
3,2,True,-2.29125,0.0,-2.19171,0.0
3,5,False,-3.6,-3.5,0.0,-3.5
3,5,True,-2.11011,0.78635,0.0,-1.66598
3,6,False,0.0,0.0,-3.55,-3.45
3,6,True,0.0,0.0,0.28441,-1.2532
3,7,False,-4.04437,-3.05048,-3.5,-3.11584
3,7,True,-0.6,-0.5,-0.24368,-0.6
3,8,False,-4.12536,-3.06632,-4.04483,-3.35
3,8,True,-0.65,-0.55,-0.55,-0.65
3,9,False,-4.01579,0.0,-3.4,0.0
3,9,True,-0.7,0.0,-0.6,0.0
3,11,False,-4.71594,-2.59965,0.0,-1.93381
3,11,True,-0.8,-0.7,0.0,-0.8
3,12,False,-4.71314,-2.2937,-4.64848,-2.65873
3,12,True,-0.85,-0.75,-0.75,-0.85
3,13,False,-4.59744,0.0,-4.61345,-2.19069
3,13,True,-0.9,0.0,-0.8,-0.9
3,14,False,0.0,-2.44212,-4.44869,-1.77964
3,14,True,0.0,-0.28786,-0.85,-1.97094
3,15,False,-4.57615,-2.10452,-4.30696,-2.28532
3,15,True,-1.0,-0.32306,-0.18655,-1.86502
3,16,False,0.0,-2.04757,-4.59629,-1.68753
3,16,True,0.0,-0.28134,-0.57008,-2.57806
3,17,False,0.0,-1.88694,-5.37744,-3.47265
3,17,True,0.0,-0.97888,-0.5905,-2.88313
3,18,False,0.0,0.0,-5.20878,0.0
3,18,True,0.0,0.0,-0.13989,0.0
3,20,False,0.0,1.69319,0.0,2.83994
3,20,True,0.0,-1.15,0.0,-1.25
3,21,False,-1.60449,3.89128,-0.88268,3.72003
3,21,True,-1.3,-1.2,-1.2,-1.3
3,22,False,-0.67867,3.59469,-0.139,-0.32456
3,22,True,-1.35,-1.25,-1.25,-1.35
3,23,False,-4.17252,0.0,-0.37506,-4.14579
3,23,True,-1.4,0.0,-1.3,-1.4
3,24,False,0.0,0.0,-0.59098,-3.62134
3,24,True,0.0,0.0,-1.35,-1.45
3,25,False,-3.76611,-1.9969,-0.24666,0.0
3,25,True,-1.5,-1.4,-1.4,0.0
3,27,False,-3.558,0.0,0.0,0.0
3,27,True,-1.6,0.0,0.0,0.0
4,0,False,-3.8,-3.7,0.0,0.0
4,0,True,-0.6,-0.5,0.0,0.0
4,5,False,-3.55,-3.45,0.0,0.0
4,5,True,-2.14818,0.77079,0.0,0.0
4,7,False,-3.45,-2.57203,0.0,-3.06632
4,7,True,-0.55,-0.45,0.0,-0.55
4,8,False,-4.01048,-3.3,-4.07584,0.0
4,8,True,-0.6,-0.5,-0.5,0.0
4,10,False,0.0,-2.91776,0.0,-2.96245
4,10,True,0.0,-0.6,0.0,-0.7
4,11,False,-4.46873,-3.52343,-4.64728,-2.19235
4,11,True,-0.75,-0.65,-0.65,-0.75
4,12,False,-4.36689,-2.96265,-5.30681,0.0
4,12,True,-0.8,-0.7,-0.7,0.0
4,14,False,-4.636,-2.34472,0.0,-2.53251
4,14,True,-2.02642,-0.19409,0.0,-1.52625
4,15,False,-4.69263,-1.73289,-4.6377,-1.96771
4,15,True,-2.37489,-0.59032,-0.28786,-0.95
4,16,False,-4.94053,-1.46602,-4.68598,-2.10372
4,16,True,-2.49837,-0.9,-0.18655,-1.88885
4,17,False,-4.83782,-0.98155,-4.69301,0.0
4,17,True,-1.7484,-0.5678,-0.57008,0.0
4,20,False,-1.42196,0.0,0.0,3.22575
4,20,True,-1.2,0.0,0.0,-1.2
4,21,False,-0.06499,4.98289,-2.69278,3.42579
4,21,True,-1.25,-1.15,-1.15,-1.25
4,22,False,-0.27486,3.6557,0.75121,0.0
4,22,True,-1.3,-1.2,-1.2,0.0
4,25,False,-3.83114,0.66449,0.0,-0.86502
4,25,True,-1.45,-1.35,0.0,-1.45
4,26,False,0.0,3.73156,-1.96909,0.0
4,26,True,0.0,-1.4,-1.4,0.0
4,28,False,0.0,-0.64446,0.0,0.0
4,28,True,0.0,-1.5,0.0,0.0
4,30,False,0.0,-0.82677,0.0,-4.91239
4,30,True,0.0,-1.6,0.0,-1.7
4,31,False,0.0,-0.18615,-0.56872,0.0
4,31,True,0.0,-1.65,-1.65,0.0
5,0,False,-3.75,0.0,0.0,-3.65
5,0,True,-0.55,0.0,0.0,-0.45
5,1,False,0.0,0.0,-3.7,-3.6
5,1,True,0.0,0.0,-0.5,0.23134
5,2,False,0.0,-3.55,-3.65,-3.55
5,2,True,0.0,0.26568,-2.87387,0.3336
5,3,False,0.0,-3.5,-3.6,0.0
5,3,True,0.0,0.59073,-1.89918,0.0
5,5,False,-3.5,-3.11584,0.0,-3.4
5,5,True,-1.49894,2.28398,0.0,-1.40765
5,6,False,0.0,-3.62499,-4.12536,-2.82341
5,6,True,0.0,-0.62632,1.9577,-1.15416
5,7,False,-4.31138,-2.24568,-4.07584,-3.3
5,7,True,-0.5,-0.4,0.36839,-0.5
5,8,False,-3.35,0.0,-3.35,-3.25
5,8,True,-0.55,0.0,-0.45,-0.55
5,9,False,0.0,-3.2,-3.3,-3.2
5,9,True,0.0,-0.5,-0.5,-0.6
5,10,False,-4.58225,-3.15,-3.25,-3.15
5,10,True,-0.65,-0.55,-0.55,-0.65
5,11,False,-4.11776,-2.81872,-3.2,-2.7417
5,11,True,-0.7,-0.6,-0.6,-0.7
5,12,False,-3.15,-2.1674,-6.26703,-2.7692
5,12,True,-0.75,-0.18276,-0.65,-1.44708
5,13,False,0.0,-3.0,-3.1,-2.71968
5,13,True,0.0,-0.7,-0.6679,-0.8
5,14,False,-4.66118,0.0,-3.05,-1.89453
5,14,True,-1.93207,0.0,-0.75,-1.43148
5,15,False,-4.4885,-1.17208,-3.99481,-2.14374
5,15,True,-0.9,0.28029,-0.8,-0.9
5,16,False,-4.59341,0.36824,-4.32426,-1.15515
5,16,True,-2.41999,-0.51687,-0.85,-0.95
5,17,False,-5.13889,0.29685,-4.7745,1.98068
5,17,True,-2.56437,0.23484,-0.86452,-1.69305
5,18,False,0.0,3.31162,-3.75405,0.0
5,18,True,0.0,-0.68936,-0.5532,0.0
5,21,False,0.72475,10.16023,0.0,5.4577
5,21,True,-1.2,-0.6199,0.0,-1.2
5,22,False,0.16163,14.11397,2.49237,0.30496
5,22,True,-1.25,-1.15,-0.82706,-1.25
5,23,False,0.0,0.0,1.17652,-3.56778
5,23,True,0.0,0.0,-1.2,-1.3
5,24,False,0.0,0.0,-0.19426,-3.49579
5,24,True,0.0,0.0,-1.25,-1.35
5,25,False,-6.23934,0.0,-0.00406,0.1435
5,25,True,-1.4,0.0,-1.3,-1.4
5,26,False,-0.03418,3.64483,0.25157,0.10126
5,26,True,-1.45,-1.35,-1.35,-1.45
5,27,False,0.0,4.41314,4.23499,-3.88935
5,27,True,0.0,-1.4,-1.4,-1.5
5,28,False,-5.10662,0.0,3.28863,-8.57125
5,28,True,-1.55,0.0,-1.45,-1.55
5,29,False,0.0,-2.67568,-2.83751,-5.32804
5,29,True,0.0,-1.5,-1.5,-1.6
5,30,False,-4.39376,0.82827,-4.45778,-3.51194
5,30,True,-1.65,-1.55,-1.55,-2.33645
5,31,False,-4.66497,0.76901,-1.10929,0.0
5,31,True,-1.7,-1.33312,-1.57312,0.0
6,2,False,-3.6,0.0,0.0,-3.5
6,2,True,-1.43803,0.0,0.0,0.95253
6,3,False,-3.55,0.0,-3.55,-3.45
6,3,True,-1.77705,0.0,-1.86422,1.41525
6,4,False,0.0,-3.4,-3.5,-3.4
6,4,True,0.0,0.70701,-1.94321,-1.44501
6,5,False,-3.45,-3.35,-3.45,-4.02626
6,5,True,-1.51876,-0.54177,1.65211,-4.42599
6,6,False,-4.58948,-2.99723,-3.4,-2.37
6,6,True,-1.53378,0.30778,0.94524,-1.03305
6,7,False,-4.45521,-2.75241,-6.34275,0.0
6,7,True,-1.07797,-0.03929,-0.62632,0.0
6,9,False,-3.25,-3.04343,0.0,-3.0765
6,9,True,-0.55,-0.07973,0.0,-2.74323
6,10,False,-3.2,-3.1,-4.09321,-2.81872
6,10,True,-1.30272,-0.5,-0.46485,-0.6
6,11,False,-5.5461,0.0,-3.15,-3.05
6,11,True,-0.65,0.0,-0.55,-0.65
6,12,False,-3.95402,-2.00712,-3.1,-3.0
6,12,True,-0.7,1.2555,-0.6,-2.10307
6,13,False,-3.05,-2.95,-3.05,0.0
6,13,True,-1.45128,0.69919,0.34712,0.0
6,15,False,-3.93018,-1.28297,0.0,-0.70615
6,15,True,-1.85813,1.16291,0.0,-2.17222
6,16,False,-4.63837,-1.48774,-3.96588,1.24374
6,16,True,-2.47736,-0.97143,0.66358,-2.08086
6,17,False,-3.85938,0.43457,-3.32778,3.04895
6,17,True,-3.36646,-0.21784,-0.85,-2.18087
6,18,False,-1.25037,0.0,-2.47466,3.85
6,18,True,-2.52801,0.0,-0.9,-2.23003
6,19,False,0.0,3.48376,0.06678,2.51779
6,19,True,0.0,-0.17814,-0.49127,-3.42683
6,20,False,0.0,3.50497,-0.33875,9.05304
6,20,True,0.0,-0.4811,-0.56104,-2.3095
6,21,False,3.67229,6.80791,-0.48271,15.81411
6,21,True,-1.84744,-0.9061,-1.69151,-1.84744
6,22,False,5.18415,17.50444,6.69429,0.0
6,22,True,-2.13696,-1.1,-1.1,0.0
6,26,False,0.22076,3.30696,0.0,0.42595
6,26,True,-1.4,-1.3,0.0,-1.4
6,27,False,0.08482,3.77267,3.58605,0.0
6,27,True,-1.45,-1.35,-1.35,0.0
6,29,False,-8.22766,0.0,0.0,-3.32231
6,29,True,-1.55,0.0,0.0,-1.55
6,30,False,-4.35121,0.8315,-2.9719,-3.28996
6,30,True,-1.6,-1.5,-1.25712,-2.29312
6,31,False,-2.82491,0.0,0.48865,0.0
6,31,True,-2.34264,0.0,-1.2836,0.0
7,0,False,0.0,0.0,0.0,-3.55
7,0,True,0.0,0.0,0.0,-0.35
7,1,False,0.0,-3.5,-3.6,0.0
7,1,True,0.0,-0.3,-0.4,0.0
7,4,False,-3.45,-3.35,0.0,-3.78632
7,4,True,-1.44059,0.74047,0.0,-4.55069
7,5,False,-4.07584,-3.3,-3.4,-3.3
7,5,True,-1.86605,-0.18656,0.33804,-1.53441
7,6,False,-3.35,-3.16508,-3.35,-2.96728
7,6,True,-3.14192,0.42673,-0.78495,-0.35
7,7,False,-3.91166,-3.2,-3.9768,-3.15776
7,7,True,-1.56858,7.35569,-0.03816,-1.85626
7,8,False,0.0,-3.15,-3.25,-3.0117
7,8,True,0.0,0.60941,0.87981,-1.98827
7,9,False,-4.7907,-2.49108,-3.2,-2.84176
7,9,True,-2.69952,1.27791,-0.16311,-1.20368
7,10,False,-3.15,0.0,-4.00343,0.0
7,10,True,-0.55,0.0,-0.14993,0.0
7,12,False,-4.06778,-2.87988,0.0,-1.63331
7,12,True,-2.24734,1.17641,0.0,-1.98973
7,13,False,-3.0,-2.70478,-3.89997,-0.7885
7,13,True,-2.18389,0.02132,1.37463,-2.14059
7,14,False,0.0,-0.78527,-4.03921,-1.47417
7,14,True,0.0,0.35127,1.77494,-1.45015
7,15,False,-4.25646,-0.65144,-4.28153,-1.95168
7,15,True,-2.07759,1.64938,0.24752,-4.31171
7,16,False,-2.65491,1.59504,-4.29465,-0.03074
7,16,True,-2.68289,1.75763,1.60249,-2.60119
7,17,False,-2.11351,2.85252,-6.15465,0.0
7,17,True,-2.39257,1.69254,-1.50596,0.0
7,19,False,-1.30963,7.17479,0.0,4.78095
7,19,True,-2.413,1.19539,0.0,-2.06243
7,20,False,-0.94348,7.5849,0.43631,12.76005
7,20,True,-2.40824,-0.95,-0.08384,-3.17974
7,21,False,6.66332,11.9423,6.63204,18.29591
7,21,True,-2.3095,-0.66476,-0.73888,-1.79792
7,22,False,12.14802,33.22432,11.03898,14.63546
7,22,True,-1.15,-1.05,-1.0284,-2.12666
7,23,False,0.0,30.81264,13.87041,15.83757
7,23,True,0.0,0.19829,-1.1,-1.76601
7,24,False,0.0,22.12474,26.73972,5.28498
7,24,True,0.0,-0.28541,-0.78117,-3.07194
7,25,False,0.0,2.65618,17.15197,0.6491
7,25,True,0.0,-0.52518,-0.10844,-1.95399
7,26,False,-0.02931,6.45897,3.09023,0.08023
7,26,True,-1.35,-1.25,-0.9291,-1.98926
7,27,False,0.42637,2.16009,4.09637,0.45392
7,27,True,-1.4,-0.92058,-1.3,-1.4
7,28,False,0.0,2.6112,3.82678,0.0
7,28,True,0.0,-1.35,-0.85016,0.0
7,30,False,-3.38245,1.56701,0.0,0.0
7,30,True,-2.2436,-1.45,0.0,0.0
8,1,False,-3.55,-3.45,0.0,0.0
8,1,True,-0.35,-0.97687,0.0,0.0
8,3,False,0.0,0.0,0.0,-3.35
8,3,True,0.0,0.0,0.0,1.23939
8,4,False,-4.07584,0.0,-3.4,-3.3
8,4,True,-3.33354,0.0,-5.79405,3.72716
8,5,False,-3.35,-3.25,-4.02632,-3.25
8,5,True,-5.07654,38.42588,-0.24213,-1.9073
8,6,False,-3.96696,0.0,-4.2168,-3.15776
8,6,True,-1.93364,0.0,2.526,4.45052
8,7,False,-3.25,-2.80343,-4.15755,-2.86824
8,7,True,-2.39139,69.48822,1.33867,-2.10857
8,8,False,-4.10814,0.0,-4.05284,-2.70485
8,8,True,-3.25951,0.0,7.78789,-1.78331
8,9,False,-4.00343,-2.3936,-4.3437,0.0
8,9,True,-2.57128,30.5837,1.54148,0.0
8,11,False,0.0,-2.91016,0.0,-2.90109
8,11,True,0.0,26.01706,0.0,-2.33012
8,12,False,-4.08276,0.0,-4.18497,-2.56165
8,12,True,-2.23209,0.0,2.51929,-3.05782
8,13,False,-4.29064,-3.29112,-5.01612,-1.68214
8,13,True,-2.10966,-4.65877,1.07667,-2.85462
8,14,False,-3.16767,-2.5216,-4.8686,-0.96141
8,14,True,-1.62198,-1.79833,0.28246,-2.28834
8,15,False,-4.46583,0.0,-3.95269,2.85724
8,15,True,-1.67251,0.0,0.97002,-1.51573
8,16,False,-5.12083,2.79443,-3.06677,4.00221
8,16,True,-4.58823,-0.5515,1.69901,-1.40492
8,17,False,-2.65235,-0.12002,0.19103,4.07135
8,17,True,-3.0746,-2.20895,2.20239,-2.23754
8,18,False,0.0,0.0,0.30123,5.33289
8,18,True,0.0,0.0,1.65912,-2.2664
8,19,False,-1.02472,1.21672,0.18249,13.50812
8,19,True,-2.8176,-0.74643,0.79569,-1.64936
8,20,False,-0.02577,10.85691,5.80368,17.3554
8,20,True,-2.62533,-0.29185,-0.32784,-2.43173
8,21,False,11.58804,24.134,10.67909,33.89054
8,21,True,-1.92824,-1.96386,0.09265,-2.67032
8,22,False,25.09887,35.34323,25.38469,29.92122
8,22,True,-2.31958,0.00812,-0.75352,-1.94807
8,23,False,26.47194,31.08986,30.91448,26.50173
8,23,True,-2.17255,-0.58102,0.51331,-2.27122
8,24,False,19.24822,0.0,30.82389,10.9029
8,24,True,-1.76601,0.0,-7e-05,-2.96876
8,25,False,0.44686,-0.72613,19.8937,4.3962
8,25,True,-3.19924,-0.88902,-0.17015,-2.24654
8,26,False,-0.2155,3.23949,12.78862,-1.32971
8,26,True,-2.45102,-0.67399,-0.28151,-2.88664
8,27,False,-0.10662,2.18824,3.5703,-1.37556
8,27,True,-2.026,-1.25,-0.29595,-3.20943
8,28,False,0.40914,0.0,2.06161,-0.86357
8,28,True,-2.56233,0.0,-1.10197,-2.51602
8,29,False,0.0,-2.2606,2.58526,-1.46826
8,29,True,0.0,-1.38971,-0.66002,-2.98165
8,30,False,-3.04601,-1.5208,2.65935,-2.2993
8,30,True,-2.19408,-1.00767,-1.01988,-1.5
8,31,False,0.0,0.0,1.90719,0.0
8,31,True,0.0,0.0,-1.45,0.0
9,0,False,0.0,-3.45,0.0,-3.45
9,0,True,0.0,0.2675,0.0,-0.71608
9,1,False,-3.5,-3.4,-3.5,-3.4
9,1,True,-1.5649,0.37955,-2.45193,-0.46609
9,2,False,0.0,0.0,-3.45,0.0
9,2,True,0.0,0.0,-3.53733,0.0
9,5,False,-3.3,-3.2,0.0,0.0
9,5,True,12.20661,103.03932,0.0,0.0
9,7,False,-4.05284,-2.60495,0.0,0.0
9,7,True,24.51268,106.19917,0.0,0.0
9,9,False,-4.52354,-4.23814,0.0,-3.0
9,9,True,4.52538,68.91873,0.0,-1.67235
9,10,False,0.0,0.0,-3.7292,-2.95
9,10,True,0.0,0.0,21.57579,17.19039
9,11,False,-3.0,-2.9,-3.67968,0.0
9,11,True,3.99887,66.04582,10.30533,0.0
9,13,False,-3.82064,-3.2416,0.0,-2.8
9,13,True,-3.46733,-6.47364,0.0,-4.40316
9,14,False,-3.29346,-2.75,-2.85,0.0
9,14,True,-3.32484,-3.8487,-4.44194,0.0
9,16,False,-0.41175,3.21083,0.0,-0.52137
9,16,True,-1.60151,-3.77735,0.0,-6.74083
9,17,False,0.23922,2.69292,-1.26126,0.0
9,17,True,-2.11606,-2.03078,-0.906,0.0
9,19,False,1.76624,-0.81143,0.0,11.36664
9,19,True,-1.51543,-0.43589,0.0,-1.57598
9,20,False,10.49868,0.0,3.72144,19.56432
9,20,True,-2.3382,0.0,-0.74643,-3.29152
9,21,False,22.80956,28.4779,11.47216,35.32481
9,21,True,-3.22527,-0.9,-0.24985,-1.8774
9,22,False,30.89787,35.77458,27.8391,31.07977
9,22,True,-1.05,0.20111,-1.34942,-1.74353
9,23,False,26.84135,30.50028,31.3436,0.0
9,23,True,-2.47571,-0.6943,-1.0,0.0
9,25,False,-1.85923,0.0,0.0,-0.87961
9,25,True,-2.30627,0.0,0.0,-2.32165
9,26,False,1.16965,2.75346,-0.7058,-2.15696
9,26,True,-2.71084,-0.88744,-0.87631,-1.25
9,27,False,-1.88253,5.30439,1.87443,0.0
9,27,True,-1.3,-1.2,-1.2,0.0
9,29,False,-1.59489,-2.89998,0.0,-5.48315
9,29,True,-3.49419,-1.56553,0.0,-3.20776
9,30,False,-1.59049,-1.66381,-2.23334,0.0
9,30,True,-2.95328,-0.57062,-1.41459,0.0
10,0,False,-3.5,0.0,0.0,-3.4
10,0,True,-0.3,0.0,0.0,0.33929
10,1,False,-3.45,-3.35,-3.45,0.0
10,1,True,-4.06802,0.38746,-0.25,0.0
10,3,False,0.0,-3.25,0.0,-3.25
10,3,True,0.0,59.87843,0.0,38.30802
10,4,False,0.0,-3.2,-3.3,-3.2
10,4,True,0.0,117.58523,22.82406,71.30734
10,5,False,-3.25,-3.15,-3.25,0.0
10,5,True,71.72362,117.15915,107.04174,0.0
10,7,False,-4.2789,-2.7692,0.0,-3.05
10,7,True,96.927,109.93466,0.0,97.98001
10,8,False,0.0,-2.71968,-3.1,-3.61921
10,8,True,0.0,100.91447,106.52667,67.18272
10,9,False,-4.24539,0.0,-4.24539,0.0
10,9,True,36.7268,0.0,96.43863,0.0
10,11,False,-2.95,-2.85,0.0,0.0
10,11,True,37.67688,84.9187,0.0,0.0
10,13,False,-4.25112,0.0,0.0,-2.75
10,13,True,-8.62804,0.0,0.0,-7.61972
10,14,False,-2.8,0.0,-2.8,0.0
10,14,True,-5.76154,0.0,-8.38334,0.0
10,16,False,-1.1774,3.38415,0.0,2.40052
10,16,True,-4.74625,-6.42508,0.0,-6.55206
10,17,False,-3.88325,2.93549,-0.23776,0.98049
10,17,True,-6.56769,-5.31072,-3.791,-4.63364
10,18,False,0.0,2.37042,-1.02653,-0.89069
10,18,True,0.0,-5.07532,-2.44965,-2.58481
10,19,False,-1.85311,-3.02676,-1.20965,0.0
10,19,True,-2.42107,-0.99781,-0.03487,0.0
10,21,False,25.71471,0.0,0.0,35.76447
10,21,True,-4.2679,0.0,0.0,-2.78902
10,22,False,31.33477,36.22353,31.3034,30.4967
10,22,True,-2.57139,-1.64164,-0.90029,-3.61201
10,23,False,26.44942,0.0,31.77455,0.0
10,23,True,-3.13797,0.0,-0.22643,0.0
10,26,False,-0.81505,0.528,0.0,1.92621
10,26,True,-2.36359,-1.1,0.0,-1.2
10,27,False,-2.05076,5.18709,1.79254,0.0
10,27,True,-1.25,-1.15,-0.88744,0.0
10,29,False,-6.02325,-4.59489,0.0,-5.6083
10,29,True,-4.77868,-4.5716,0.0,-4.56984
10,30,False,-5.50982,-3.74513,-2.9927,-4.51521
10,30,True,-2.85102,-3.54257,-2.50757,-3.1344
10,31,False,0.0,0.0,-1.64273,0.0
10,31,True,0.0,0.0,-0.94063,0.0
11,1,False,-3.4,-3.3,0.0,0.0
11,1,True,-1.71816,-0.84828,0.0,0.0
11,3,False,-3.3,-3.2,0.0,-3.2
11,3,True,17.0047,40.15998,0.0,97.68331
11,4,False,-3.25,-3.15,-3.25,-3.15
11,4,True,-0.05,-0.05,-0.05,-0.05
11,5,False,-3.2,-3.1,-3.2,-3.1
11,5,True,109.46844,109.4736,121.0,109.4736
11,6,False,0.0,-2.3556,-3.15,-2.70461
11,6,True,0.0,105.93466,117.16,105.93466
11,7,False,-3.77872,-2.44216,-4.21497,-2.71968
11,7,True,102.5372,102.53725,113.4736,102.53724
11,8,False,-3.05,-2.67016,-3.7292,0.0
11,8,True,98.7318,99.07192,109.93466,0.0
11,10,False,0.0,-2.85,0.0,-2.85
11,10,True,0.0,92.17896,0.0,80.94989
11,11,False,-2.9,-2.8,-2.9,0.0
11,11,True,78.39367,88.3318,88.49179,0.0
11,16,False,-1.05448,0.0,0.0,3.09119
11,16,True,-7.89589,0.0,0.0,-9.00133
11,17,False,-0.54997,5.29749,-0.75057,1.34214
11,17,True,-6.46581,-7.93322,-6.42361,-9.04334
11,18,False,-1.53077,4.97687,-0.62014,-3.36142
11,18,True,-4.6391,-5.49621,-4.67585,-4.61195
11,19,False,-5.38368,0.0,-2.28062,-6.60897
11,19,True,-2.49306,0.0,-2.79602,-2.87116
11,20,False,0.0,0.0,-7.0386,0.0
11,20,True,0.0,0.0,-1.27035,0.0
11,22,False,31.77444,36.69117,0.0,0.0
11,22,True,-3.3874,-6.34464,0.0,0.0
11,24,False,0.0,15.14553,0.0,0.0
11,24,True,0.0,-3.61339,0.0,0.0
11,26,False,-1.77471,3.44345,0.0,1.23539
11,26,True,-1.15,-1.15,0.0,-2.37749
11,27,False,1.66496,4.4145,0.51036,0.0
11,27,True,-1.89696,-2.33644,-1.1,0.0
11,29,False,-6.9928,-3.08278,0.0,-7.31568
11,29,True,-6.22089,-3.31893,0.0,-6.98224
11,30,False,-5.47798,-0.77298,-4.70211,0.0
11,30,True,-4.01934,-4.37718,-3.66127,0.0
12,0,False,0.0,-3.3,0.0,-3.3
12,0,True,0.0,-0.3,0.0,0.11172
12,1,False,-3.35,-3.25,-3.35,-3.25
12,1,True,0.07992,-0.7115,-0.95608,9.5875
12,2,False,0.0,-3.2,-3.3,-3.2
12,2,True,0.0,21.32468,-0.91757,79.06732
12,3,False,-3.25,-3.15,-3.25,-3.15
12,3,True,45.4652,75.58641,38.00806,115.49056
12,4,False,-3.2,-3.1,-3.2,-3.1
12,4,True,120.99998,106.52838,101.40422,100.56843
12,5,False,-3.15,-3.05,-3.15,-3.05
12,5,True,117.16,104.76794,117.11078,105.57422
12,6,False,-3.69572,0.0,-3.1,-2.19401
12,6,True,113.4736,0.0,113.4736,102.53727
12,7,False,-4.48672,-2.29585,-4.10558,-2.39312
12,7,True,109.93466,99.27578,109.93466,99.27578
12,8,False,-3.0,-2.62064,-4.06793,-2.86064
12,8,True,106.53727,96.14475,106.53727,95.14474
12,9,False,0.0,-2.85,-3.62109,-2.85
12,9,True,0.0,93.13896,103.27578,92.17896
12,10,False,-2.9,0.0,-2.9,-2.8
12,10,True,88.4918,0.0,99.14475,88.3318
12,11,False,-2.85,-2.75,-2.85,-2.75
12,11,True,84.9514,85.63853,96.17896,85.63853
12,12,False,0.0,0.0,-2.8,-2.7
12,12,True,0.0,0.0,92.3318,83.05299
12,13,False,0.0,-2.65,-2.75,0.0
12,13,True,0.0,80.57087,89.63853,0.0
12,17,False,-1.05188,0.0,0.0,8.73646
12,17,True,-5.61458,0.0,0.0,-6.57831
12,18,False,-2.25664,11.88145,0.47131,0.0
12,18,True,-5.51105,-4.84222,-4.66702,0.0
12,21,False,0.0,44.44836,0.0,32.74416
12,21,True,0.0,-1.44006,0.0,-6.67441
12,22,False,32.21716,40.3033,39.62409,35.26734
12,22,True,-1.61595,-2.23125,-1.01221,-4.89352
12,23,False,0.0,35.79908,21.29133,16.96012
12,23,True,0.0,-2.26362,-2.85746,-3.45985
12,24,False,9.28265,8.10236,28.71401,8.16004
12,24,True,-1.75044,-1.59983,-1.13403,-2.95593
12,25,False,0.0,7.85527,14.47666,-0.55591
12,25,True,0.0,-2.6519,0.02182,-3.96532
12,26,False,-3.41072,4.28639,8.35119,0.3225
12,26,True,-1.94649,-2.65771,0.28927,-2.71547
12,27,False,1.07462,4.59745,2.40245,0.0
12,27,True,-0.88744,-2.26938,-0.75846,0.0
12,29,False,-7.38073,0.0,0.0,-4.68643
12,29,True,-3.81257,0.0,0.0,-3.39341
12,30,False,-7.21637,-0.07057,-3.33813,-3.84734
12,30,True,-3.67714,-2.95631,-1.48114,-3.20112
12,31,False,0.0,-0.81635,-0.66314,0.0
12,31,True,0.0,-1.45,-1.01975,0.0
13,0,False,-3.35,0.0,0.0,-3.25
13,0,True,-0.25,0.0,0.0,-0.25
13,1,False,-3.3,-3.2,-3.3,-3.2
13,1,True,0.86156,-1.2456,-0.3,16.75748
13,2,False,-3.25,-3.15,-3.25,-3.15
13,2,True,18.22188,22.70108,-1.43431,80.3575
13,3,False,-3.2,-3.1,-3.2,-3.1
13,3,True,94.15736,50.18103,43.20466,108.41607
13,4,False,-3.15,-3.05,-3.15,-3.05
13,4,True,117.15825,104.80196,84.48049,96.67659
13,5,False,-3.1,-3.0,-3.1,0.0
13,5,True,98.83402,48.89886,113.44034,0.0
13,7,False,-4.37427,-2.9,0.0,-2.34407
13,7,True,106.53727,95.14125,0.0,96.14474
13,8,False,-2.95,-2.57112,-3.63016,-2.57112
13,8,True,103.27272,93.11098,103.27578,93.13514
13,9,False,-2.9,-2.5216,-2.9,0.0
13,9,True,99.14475,90.24781,100.14475,0.0
13,11,False,-2.8,-2.7,0.0,0.0
13,11,True,92.3318,84.63595,0.0,0.0
13,13,False,-2.7,-2.6,0.0,0.0
13,13,True,87.05299,78.18803,0.0,0.0
13,15,False,0.0,-2.46448,0.0,0.0
13,15,True,0.0,68.9704,0.0,0.0
13,18,False,4.27325,0.0,0.0,16.1231
13,18,True,-2.82796,0.0,0.0,-3.36009
13,19,False,0.0,15.3474,7.79806,24.39825
13,19,True,0.0,-1.47343,-1.22492,-2.35137
13,20,False,0.0,0.0,16.89775,38.53214
13,20,True,0.0,0.0,0.61384,-1.49067
13,21,False,37.53496,45.26407,26.10077,37.38762
13,21,True,-0.52194,-1.32256,1.19344,-0.93384
13,22,False,32.68854,40.94094,40.42283,35.83463
13,22,True,-2.92513,-1.45956,2.41207,-2.03484
13,23,False,25.91187,33.45491,36.30303,21.7556
13,23,True,-1.11047,-2.68018,2.37711,-2.31768
13,24,False,9.18144,13.44674,32.65089,6.18121
13,24,True,-0.42701,-2.36127,1.44395,-2.38972
13,25,False,1.71926,4.13267,15.83103,-0.99364
13,25,True,0.68026,-1.72414,0.51133,-2.09434
13,26,False,-1.48054,3.22467,9.92395,1.11934
13,26,True,-1.01562,-2.11194,0.14633,-2.97725
13,27,False,0.29481,0.0,7.32406,-0.91528
13,27,True,-1.2,0.0,-0.04275,-2.94736
13,28,False,0.0,0.82731,3.37331,0.0
13,28,True,0.0,-2.57412,-1.25,0.0
13,30,False,-4.85616,-0.41157,0.0,-3.5911
13,30,True,-1.15416,-1.45,0.0,-2.96616
13,31,False,-3.79283,-0.82959,-0.35773,0.0
13,31,True,-0.85556,-2.19408,-1.4,0.0
14,1,False,-3.25,0.0,0.0,-3.15
14,1,True,1.77309,0.0,0.0,5.45714
14,2,False,-3.2,-3.1,-3.2,-3.1
14,2,True,30.93163,8.75533,-1.14142,52.177
14,3,False,-3.15,-3.05,-3.15,-3.05
14,3,True,68.55982,34.75328,22.98373,100.32334
14,4,False,-3.1,0.0,-3.1,-3.0
14,4,True,113.2524,0.0,87.42444,83.63108
14,5,False,-3.05,-2.95,-3.05,0.0
14,5,True,86.51316,44.95818,107.30754,0.0
14,7,False,-3.5658,0.0,0.0,-2.85
14,7,True,103.27509,0.0,0.0,92.31442
14,8,False,-2.9,-2.8,-3.82064,-2.8
14,8,True,100.14472,51.00203,82.54833,87.45352
14,9,False,-2.85,-2.47208,-2.85,-2.75
14,9,True,97.13896,86.33612,96.60679,86.13666
14,10,False,0.0,-2.7,-2.8,-2.7
14,10,True,0.0,80.23672,94.2534,83.90748
14,11,False,-2.75,-2.65,-2.75,-2.65
14,11,True,89.63853,78.59362,91.48322,78.0816
14,12,False,0.0,-2.6,-2.7,-2.6
14,12,True,0.0,72.85311,88.82204,73.95048
14,13,False,-2.65,-2.55,-2.65,-2.55
14,13,True,84.57087,75.90051,83.25485,75.90051
14,14,False,0.0,-1.5528,-2.6,-2.5
14,14,True,0.0,73.70449,82.18803,72.70449
14,15,False,-3.234,-2.45,-3.93798,-2.11701
14,15,True,54.96886,71.01381,79.90051,68.55485
14,16,False,0.0,-2.14848,-4.05036,0.0
14,16,True,0.0,56.40532,76.64862,0.0
14,19,False,14.01783,18.80366,0.0,0.0
14,19,True,1.16162,-1.45111,0.0,0.0
14,21,False,40.41764,46.10843,0.0,40.8161
14,21,True,2.21795,-4.9274,0.0,-0.56852
14,22,False,36.29733,41.60515,41.26406,35.4371
14,22,True,3.25251,-4.29169,1.22842,-2.35079
14,23,False,28.95672,0.0,36.93583,15.06687
14,23,True,1.64197,0.0,2.56828,-3.00434
14,24,False,14.61275,0.0,27.50324,0.1715
14,24,True,0.19073,0.0,1.02935,-2.97546
14,25,False,5.90681,3.25119,2.20207,-0.80093
14,25,True,-0.50585,-5.01568,-0.3999,-2.77017
14,26,False,0.48591,5.69853,0.87522,0.0
14,26,True,-0.42185,-2.46802,-0.87647,0.0
14,28,False,-1.01743,0.67427,0.0,-5.95326
14,28,True,-1.3,-2.81504,0.0,-2.81504
14,29,False,0.0,0.91687,-0.25528,-4.12809
14,29,True,0.0,-1.45,-1.35,-2.08351
14,30,False,-3.97247,-0.49014,-1.92535,-3.78663
14,30,True,-0.71222,-1.5,-1.4,-1.5
14,31,False,-3.79038,-0.67905,-0.48869,0.0
14,31,True,-1.45,-2.23763,-1.45,0.0
15,0,False,0.0,-3.15,0.0,0.0
15,0,True,0.0,-0.45,0.0,0.0
15,2,False,-3.15,-3.05,0.0,-3.05
15,2,True,14.56102,-2.97146,0.0,34.45711
15,3,False,-3.1,0.0,-3.1,0.0
15,3,True,74.31963,0.0,8.40852,0.0
15,5,False,-3.0,-2.9,0.0,-2.9
15,5,True,91.9208,23.92866,0.0,15.26373
15,6,False,0.0,0.0,-2.95,0.0
15,6,True,0.0,0.0,47.81189,0.0
15,8,False,-2.85,-2.75,0.0,-2.75
15,8,True,88.33527,5.62913,0.0,60.0723
15,9,False,-2.8,-2.59875,-2.8,-2.7
15,9,True,94.02139,43.9469,64.89701,38.61822
15,10,False,-2.75,-2.65,-2.75,-2.65
15,10,True,91.01381,39.30342,58.45819,25.68704
15,11,False,-2.7,-2.6,-2.7,-2.6
15,11,True,88.05873,9.44719,43.26791,41.68897
15,12,False,-2.65,0.0,-2.65,-2.55
15,12,True,82.37872,0.0,65.18699,56.77735
15,13,False,-2.6,-2.40111,-2.6,-2.0996
15,13,True,82.18803,72.5599,75.602,73.69243
15,14,False,-2.55,0.0,-3.66159,-1.70507
15,14,True,79.90051,0.0,79.90051,71.59631
15,15,False,-4.12708,-2.4,-3.18448,-2.14848
15,15,True,76.70448,69.57246,77.70449,69.57242
15,16,False,-3.59758,0.0,-2.45,0.0
15,16,True,71.39254,0.0,75.59631,0.0
15,19,False,11.99046,0.0,0.0,31.38013
15,19,True,2.06311,0.0,0.0,-4.51437
15,20,False,0.0,48.04874,19.99044,41.59014
15,20,True,0.0,-5.13992,2.17364,-4.93381
15,21,False,41.25353,50.11295,39.81401,41.55783
15,21,True,1.90436,-4.08621,-1.0263,-4.68765
15,22,False,36.77983,45.42203,41.79122,0.0
15,22,True,3.41693,-3.30578,-1.66246,0.0
15,25,False,-2.12426,7.30057,0.0,2.51388
15,25,True,0.27786,-1.996,0.0,-2.90438
15,26,False,-1.85552,8.7124,1.33099,0.329
15,26,True,-0.96727,-1.98469,-2.05041,-1.35
15,27,False,0.0,0.0,6.51558,-3.56942
15,27,True,0.0,0.0,-1.01341,-1.4
15,28,False,-3.04071,0.0,4.37653,-3.11564
15,28,True,-1.35,0.0,-1.08552,-1.45
15,29,False,-5.7486,-0.13249,0.41892,-4.15647
15,29,True,-1.4,-2.43408,-1.4,-1.5
15,30,False,-4.05845,-0.65566,0.68502,-4.10972
15,30,True,-0.86913,-2.44484,-1.18456,-2.2436
15,31,False,-3.81514,-1.16547,-0.67593,0.0
15,31,True,-1.5,-2.28704,-1.47408,0.0
16,0,False,-3.2,0.0,0.0,0.0
16,0,True,-0.4,0.0,0.0,0.0
16,2,False,-3.1,-3.0,0.0,0.0
16,2,True,3.52988,-2.4876,0.0,0.0
16,4,False,0.0,0.0,0.0,-2.9
16,4,True,0.0,0.0,0.0,29.32987
16,5,False,-2.95,-2.85,-2.95,0.0
16,5,True,70.43388,8.63116,9.72192,0.0
16,7,False,0.0,0.0,0.0,-2.75
16,7,True,0.0,0.0,0.0,-1.1962
16,8,False,-2.8,-2.7,-2.8,-2.7
16,8,True,37.33733,-2.96403,-0.51037,7.42438
16,9,False,-2.75,-2.37304,-2.75,-2.29469
16,9,True,75.73487,5.70009,4.10842,2.39464
16,10,False,-2.7,-2.25993,-3.62256,-3.04352
16,10,True,74.35146,11.65964,20.26461,-3.07749
16,11,False,-2.65,-2.17639,-3.33304,0.0
16,11,True,28.801,3.7204,39.81422,0.0
16,13,False,-2.55,-1.01976,0.0,0.0
16,13,True,79.90051,70.53597,0.0,0.0
16,15,False,-3.13496,-2.35,0.0,0.0
16,15,True,75.59631,64.62956,0.0,0.0
16,17,False,0.0,-0.23892,0.0,-1.65875
16,17,True,0.0,61.209,0.0,53.75984
16,18,False,0.0,3.75112,-3.149,0.0
16,18,True,0.0,59.60064,54.70422,0.0
16,20,False,36.31239,0.0,0.0,50.11185
16,20,True,-0.89622,0.0,0.0,-0.34783
16,21,False,42.07169,51.15932,44.06416,45.34646
16,21,True,-1.21344,23.64403,-1.01023,-3.43059
16,22,False,37.57141,46.27295,46.01935,39.50336
16,22,True,-0.22087,5.34251,-0.19398,-2.7932
16,23,False,0.0,23.56184,41.20999,12.91367
16,23,True,0.0,-0.75505,0.44108,-5.4
16,24,False,0.0,9.68192,22.91078,7.67231
16,24,True,0.0,-2.28526,0.76014,-3.52867
16,25,False,-2.68828,15.7136,9.0665,1.80657
16,25,True,-1.76885,-1.397,-1.7326,-1.93847
16,26,False,2.83798,10.28228,7.92912,0.0
16,26,True,-0.83536,-2.0341,-1.3,0.0
16,29,False,-3.38837,0.31876,0.0,-4.42498
16,29,True,-1.45,-2.75569,0.0,-3.18263
16,30,False,-4.33665,0.02776,-1.18267,-4.48305
16,30,True,-1.28507,-2.79538,-1.47408,-2.29312
16,31,False,-3.96796,-1.36439,-1.51592,0.0
16,31,True,-1.55,-1.65,-1.5236,0.0
17,1,False,0.0,-3.0,0.0,-3.0
17,1,True,0.0,-1.74374,0.0,0.45734
17,2,False,-3.05,-2.95,-3.05,-2.95
17,2,True,0.29695,-2.01359,-2.28491,-0.95668
17,3,False,0.0,-2.9,-3.0,0.0
17,3,True,0.0,-3.16781,-2.87952,0.0
17,5,False,-2.9,0.0,0.0,-2.8
17,5,True,43.00677,0.0,0.0,6.12007
17,6,False,0.0,-2.75,-2.85,0.0
17,6,True,0.0,0.43741,26.15964,0.0
17,8,False,-2.75,-2.61304,0.0,-2.65
17,8,True,2.94777,-2.82395,0.0,-0.83651
17,9,False,-2.7,-2.6,-3.62256,-2.6
17,9,True,23.61363,3.39176,0.39759,1.59856
17,10,False,-3.25469,-1.7674,-2.65,-2.55
17,10,True,35.66906,0.52159,6.34582,2.04197
17,11,False,-4.00352,0.0,-3.62268,-1.75437
17,11,True,16.24676,0.0,18.85824,21.22129
17,12,False,0.0,-1.63587,-4.35157,-1.62307
17,12,True,0.0,-0.04646,15.12289,68.82891
17,13,False,-4.55175,0.0,-3.94035,-1.03569
17,13,True,76.70449,0.0,62.34701,68.33061
17,14,False,0.0,-0.89262,-3.6539,-2.73288
17,14,True,0.0,63.46132,74.63631,63.96427
17,15,False,-3.08544,-1.42916,-3.74494,-1.51333
17,15,True,73.57246,62.88438,72.65081,62.88438
17,16,False,0.0,-1.63925,-5.86219,-0.98136
17,16,True,0.0,61.209,68.62956,61.209
17,17,False,-4.69616,-1.33948,-3.81328,6.56847
17,17,True,58.76064,58.60064,66.88438,59.60064
17,18,False,-2.99942,19.42466,-3.37289,0.0
17,18,True,58.21624,58.05662,65.209,0.0
17,21,False,46.11289,52.24929,0.0,46.2727
17,21,True,10.94013,53.71365,0.0,19.80098
17,22,False,41.3878,46.33418,47.15932,41.27249
17,22,True,0.65033,11.85419,44.3048,1.20114
17,23,False,19.63721,30.53056,42.21063,15.42485
17,23,True,1.33229,8.72117,19.72728,-1.95615
17,24,False,10.51983,0.0,28.63879,10.40343
17,24,True,-1.40651,0.0,1.85721,-2.57608
17,25,False,4.31154,0.0,19.23519,1.0423
17,25,True,-1.3,0.0,1.79246,-2.76149
17,26,False,3.002,0.0,12.64286,0.0
17,26,True,-1.08552,0.0,0.20678,0.0
17,28,False,0.0,1.1242,0.0,-3.6649
17,28,True,0.0,-2.7061,0.0,-2.23763
17,29,False,-4.23386,-0.22841,-0.14509,-3.89856
17,29,True,-1.45438,-1.6,-1.49493,-2.749
17,30,False,-4.32721,-0.44635,-0.40399,-4.74084
17,30,True,-1.41924,-2.28115,-1.27763,-2.58264
17,31,False,-4.04633,-1.1367,-0.82655,0.0
17,31,True,-1.6,-1.7,-1.31323,0.0
18,0,False,0.0,-3.0,0.0,-3.0
18,0,True,0.0,-1.30272,0.0,0.24006
18,1,False,-3.05,0.0,-3.05,-2.95
18,1,True,0.12549,0.0,-1.70884,1.2993
18,2,False,-3.0,0.0,-3.0,-2.9
18,2,True,0.81944,0.0,-1.93997,0.13683
18,3,False,-2.95,0.0,-2.95,-2.85
18,3,True,-1.13346,0.0,-2.2238,-1.6143
18,4,False,0.0,-2.8,-2.9,0.0
18,4,True,0.0,-4.28841,-3.64847,0.0
18,6,False,-2.8,-2.7,0.0,-2.7
18,6,True,16.14402,-0.31583,0.0,-1.84995
18,7,False,0.0,-2.65,-2.75,-2.61304
18,7,True,0.0,-0.47429,8.93134,-0.99164
18,8,False,-2.7,-2.6,-3.38256,-2.32352
18,8,True,0.77029,-1.75447,6.07405,1.10833
18,9,False,-2.65,-2.55,-2.65,-2.12212
18,9,True,11.00082,0.49406,2.31662,-0.49973
18,10,False,-3.15361,-1.5974,-2.6,0.0
18,10,True,3.38941,-0.78271,6.03623,0.0
18,12,False,-4.43416,-1.97783,0.0,0.0
18,12,True,4.96505,-0.00936,0.0,0.0
18,14,False,-2.80426,-3.68839,0.0,-1.18984
18,14,True,72.57235,28.18076,0.0,46.05648
18,15,False,-6.26307,-1.97688,-3.35081,-1.61155
18,15,True,68.62956,52.12813,67.26088,59.91798
18,16,False,-3.44514,0.0,-3.67326,0.71512
18,16,True,66.88438,0.0,66.86036,58.40948
18,17,False,-1.38526,1.95912,-3.88598,10.8299
18,17,True,65.209,56.59594,65.18436,57.86968
18,18,False,4.89176,16.89573,-0.06881,33.2323
18,18,True,63.60064,56.57378,62.60064,56.5743
18,19,False,0.0,0.0,19.71911,48.17328
18,19,True,0.0,0.0,62.05662,55.15138
18,20,False,0.0,55.0124,34.16106,49.25888
18,20,True,0.0,53.78532,60.57435,53.78527
18,21,False,47.13192,53.38468,49.79582,46.47126
18,21,True,52.23414,52.23753,59.15138,47.14269
18,22,False,41.21891,48.40927,47.15298,33.65588
18,22,True,12.03685,8.27576,56.90209,15.25122
18,23,False,21.06715,0.0,41.14102,0.0
18,23,True,7.68616,0.0,35.09484,0.0
18,27,False,0.0,0.47163,0.0,-2.787
18,27,True,0.0,-3.93017,0.0,-3.94075
18,28,False,-3.64798,1.04115,0.31994,-3.66939
18,28,True,-1.49712,-2.94861,-1.58962,-3.62521
18,29,False,-3.91244,0.36618,0.99918,-3.15049
18,29,True,-1.07516,-1.65,-1.55,-2.80756
18,30,False,-3.2139,0.01015,-0.86244,-3.46572
18,30,True,-1.1104,-2.75937,-1.57312,-1.7
18,31,False,-3.67536,0.0,-0.36705,0.0
18,31,True,-1.65,0.0,-1.65,0.0
19,0,False,-3.05,0.0,0.0,0.0
19,0,True,-0.2932,0.0,0.0,0.0
19,4,False,-2.85,-2.75,0.0,0.0
19,4,True,-2.08921,-2.65888,0.0,0.0
19,6,False,-2.75,-2.65,0.0,-2.37304
19,6,True,6.15897,-3.26907,0.0,-0.86433
19,7,False,-2.7,-2.32352,-3.62256,-2.6
19,7,True,6.28628,-2.37622,0.36968,-1.81756
19,8,False,-2.65,-2.55,-2.65,-2.55
19,8,True,-0.03019,-2.94765,3.25984,-0.75747
19,9,False,-2.6,-2.14654,-2.6,-1.634
19,9,True,6.80875,-0.87071,0.70835,-0.62407
19,10,False,-2.55,-2.38833,-3.80573,-1.52349
19,10,True,4.76273,-1.38032,2.02192,-0.70099
19,11,False,0.0,-2.12544,-2.97101,-1.37786
19,11,True,0.0,-0.52208,4.46904,-0.0307
19,12,False,-4.40917,0.0,-3.02362,-1.70931
19,12,True,1.79525,0.0,3.98034,-1.39512
19,13,False,0.0,0.0,-3.95146,-2.3
19,13,True,0.0,0.0,3.47165,9.51043
19,14,False,-3.81694,-1.8409,-3.03592,-1.91406
19,14,True,60.29932,-1.75712,3.59293,13.68227
19,15,False,-2.9864,-1.27295,-3.61214,0.0
19,15,True,63.97009,8.86962,30.38391,0.0
19,17,False,-1.68843,20.61559,0.0,9.67734
19,17,True,62.59886,30.92542,0.0,50.71886
19,18,False,6.05395,27.25959,0.81747,0.0
19,18,True,62.05662,54.23751,60.55306,0.0
19,20,False,48.31582,56.26467,0.0,52.68263
19,20,True,59.15138,52.47376,0.0,52.4739
19,21,False,48.24763,54.56737,51.01037,48.4064
19,21,True,57.78532,42.24944,56.96598,48.03279
19,22,False,42.28844,0.0,49.38468,0.0
19,22,True,27.45925,0.0,55.77465,0.0
19,24,False,0.0,7.64064,0.0,-4.42638
19,24,True,0.0,1.44615,0.0,-7.39253
19,25,False,0.0,6.39043,0.9524,-3.00922
19,25,True,0.0,-1.05982,-0.73225,-6.28512
19,26,False,0.0,5.20943,-1.69127,-3.29543
19,26,True,0.0,-2.52625,-3.78278,-3.37172
19,27,False,-3.21206,1.50357,-1.20429,-2.82849
19,27,True,-1.87153,-2.71095,-2.00576,-2.18509
19,28,False,-2.42877,0.0,0.74627,-3.75371
19,28,True,-0.61398,0.0,-1.55,-2.52115
19,29,False,-3.50397,0.94802,0.5521,-3.34517
19,29,True,-1.6,-2.39216,-0.94123,-2.80248
19,30,False,-3.39586,0.24368,0.28827,0.0
19,30,True,-1.16855,-2.25931,-1.54036,0.0
20,1,False,0.0,0.0,0.0,-2.85
20,1,True,0.0,0.0,0.0,1.2597
20,2,False,0.0,-2.8,-2.9,-2.8
20,2,True,0.0,-4.67136,-2.06165,1.38122
20,3,False,0.0,-2.75,-2.85,-2.75
20,3,True,0.0,-1.9495,-2.22234,0.92257
20,4,False,-2.8,-2.7,-2.8,0.0
20,4,True,-0.52116,-4.60105,-2.12942,0.0
20,6,False,-2.7,-2.32352,0.0,-2.3006
20,6,True,0.069,-2.71373,0.0,-2.06003
20,7,False,-3.33304,0.0,-3.33304,-2.20094
20,7,True,0.51611,0.0,0.23314,-2.92507
20,8,False,-2.6,-2.16111,-4.12478,-1.65953
20,8,True,0.68115,-2.69488,1.25551,-1.68739
20,9,False,-3.234,-1.65919,-3.99831,-2.3517
20,9,True,4.41058,-0.8758,0.81456,-1.96601
20,10,False,-2.97101,-2.06051,-3.41823,-2.12544
20,10,True,1.3699,-1.31032,3.14348,-0.87764
20,11,False,-3.33541,-2.35,-3.3117,0.0
20,11,True,4.31147,-0.73067,2.28036,0.0
20,14,False,-2.3,-1.41307,0.0,-1.61676
20,14,True,6.65804,-0.98491,0.0,-1.52726
20,15,False,-3.39609,-1.26262,-2.93688,7.68642
20,15,True,25.89711,-2.52595,2.92719,-0.68553
20,16,False,0.0,7.68861,-2.34455,22.87564
20,16,True,0.0,-2.35982,5.50394,-0.11312
20,17,False,12.60007,10.00599,12.62558,28.16002
20,17,True,58.49594,9.65014,4.07168,25.09981
20,18,False,20.05693,18.82329,21.47107,38.54901
20,18,True,60.57414,34.25704,41.4434,51.61199
20,19,False,0.0,0.0,26.37057,56.11868
20,19,True,0.0,0.0,59.14992,43.05499
20,20,False,50.79298,57.56737,50.15598,54.10672
20,20,True,57.78532,51.21492,57.7786,48.21441
20,21,False,49.38466,58.92435,52.26462,0.0
20,21,True,56.40419,49.02155,56.47391,0.0
20,23,False,0.0,26.14855,0.0,10.20755
20,23,True,0.0,37.28941,0.0,2.70013
20,24,False,-1.56189,17.86071,13.53619,5.37589
20,24,True,0.18715,1.27392,7.61149,0.98295
20,25,False,-2.86452,14.13566,6.65812,0.36736
20,25,True,-4.17059,2.06303,6.20305,-1.73697
20,26,False,-2.9787,9.06826,1.68955,-0.98021
20,26,True,-2.48616,-1.85395,3.59676,-3.10885
20,27,False,-3.08417,0.0,5.14412,0.0
20,27,True,-0.70087,0.0,-0.2972,0.0
20,29,False,-3.59298,0.75688,0.0,-2.55798
20,29,True,-1.40333,-3.53866,0.0,-1.75
20,30,False,-3.4906,0.98158,0.83466,-3.05884
20,30,True,-1.43216,-2.42938,-0.77376,-1.8
20,31,False,0.0,0.0,0.89755,0.0
20,31,True,0.0,0.0,-1.75,0.0
21,2,False,-2.85,-2.75,0.0,-2.75
21,2,True,1.74916,-1.35224,0.0,1.02966
21,3,False,-2.8,0.0,-2.8,-2.7
21,3,True,1.17938,0.0,-3.92298,-1.18689
21,4,False,-2.75,-2.65,-2.75,-2.65
21,4,True,1.05107,-3.94205,-2.13029,-2.63257
21,5,False,0.0,-2.6,-2.7,-2.6
21,5,True,0.0,-5.91092,-1.2094,-2.58307
21,6,False,-3.26934,-2.55,-2.65,0.0
21,6,True,0.19807,-2.28739,-0.22109,0.0
21,8,False,-4.04656,-2.17496,0.0,-2.45
21,8,True,-0.26543,-2.23833,0.0,-1.4046
21,9,False,-3.10654,-1.60206,-3.70468,-1.91677
21,9,True,3.55871,-1.79586,-0.13313,-0.98571
21,10,False,-3.37496,-1.96497,-3.49612,-1.63136
21,10,True,0.72143,-1.82601,3.09286,-1.99286
21,11,False,-3.08544,-2.0066,-3.35395,-2.0264
21,11,True,3.63463,-2.54478,1.94339,-0.27804
21,12,False,0.0,-2.25,-3.8379,-2.13962
21,12,True,0.0,-1.61257,3.84544,-0.92878
21,13,False,0.0,0.0,-3.48263,-1.60979
21,13,True,0.0,0.0,4.34052,-1.06717
21,14,False,-3.2642,-1.87784,-4.28069,-1.86473
21,14,True,1.30732,-1.59005,3.4608,-2.62964
21,15,False,-2.96255,-0.63813,-3.34705,0.26412
21,15,True,3.80848,-2.13628,2.87296,-2.86526
21,16,False,12.54927,-0.14917,-4.03536,6.28269
21,16,True,0.26036,-2.00238,1.48918,-0.85139
21,17,False,11.0661,0.59463,-1.3003,15.49831
21,17,True,41.25704,-0.09975,0.7653,16.49435
21,18,False,23.71126,0.0,0.15429,0.0
21,18,True,51.32538,0.0,21.43045,0.0
21,20,False,52.24053,0.0,0.0,58.92435
21,20,True,56.47391,0.0,0.0,50.00636
21,21,False,50.56735,60.33786,53.56709,53.72476
21,21,True,52.21495,48.84602,55.21495,48.84601
21,22,False,0.0,0.0,54.92404,42.58368
21,22,True,0.0,0.0,54.00635,43.98935
21,23,False,14.19186,0.0,48.06524,16.78216
21,23,True,21.93769,0.0,52.0066,11.92861
21,24,False,9.31503,0.0,30.42641,12.26726
21,24,True,5.63402,0.0,33.33311,4.14323
21,25,False,4.34196,6.80823,18.65099,7.34189
21,25,True,3.80801,2.79966,13.03526,2.25218
21,26,False,0.288,6.12088,14.49568,0.0
21,26,True,2.37682,-1.37046,7.97802,0.0
21,28,False,0.0,1.19673,0.0,-2.46043
21,28,True,0.0,-3.48256,0.0,-2.91095
21,29,False,-2.6999,0.66663,1.28554,-2.33299
21,29,True,-1.7,-3.25353,-1.53664,-3.22168
21,30,False,-2.85023,0.84039,1.36571,0.0
21,30,True,-0.54602,-2.87303,-1.42528,0.0
22,0,False,0.0,0.0,0.0,-2.8
22,0,True,0.0,0.0,0.0,-0.7
22,1,False,0.0,-2.75,-2.85,-2.75
22,1,True,0.0,-1.92475,-0.75,-0.39224
22,2,False,-2.8,-2.7,-2.8,0.0
22,2,True,-0.58559,-0.7,-2.29811,0.0
22,4,False,-2.7,-2.6,0.0,-2.6
22,4,True,-1.01737,-5.17411,0.0,-5.38436
22,5,False,-2.65,-2.55,-2.65,-2.55
22,5,True,-0.20343,-4.00072,-0.26287,-2.47721
22,6,False,-2.6,-2.5,-2.6,-2.5
22,6,True,0.8929,-2.32324,-2.08832,-3.01656
22,7,False,0.0,-2.45,-2.55,-2.45
22,7,True,0.0,-2.84623,1.58143,-1.90538
22,8,False,-2.5,0.0,-2.5,-1.76064
22,8,True,-0.7,0.0,0.88612,-1.93088
22,9,False,-3.87131,0.0,-3.05126,-1.30419
22,9,True,2.67915,0.0,0.82149,-1.77476
22,10,False,-3.4408,-0.88384,-3.45024,-1.82856
22,10,True,1.45035,-2.60612,2.54413,-2.68277
22,11,False,-2.35,-1.01527,-2.92497,-1.2789
22,11,True,0.77179,-2.00735,2.22717,-2.03815
22,12,False,-2.9864,-1.07282,-4.11077,0.0
22,12,True,3.02671,-1.80318,0.4154,0.0
22,14,False,-3.29637,-2.24281,0.0,-0.674
22,14,True,3.13077,-3.30165,0.0,-1.96309
22,15,False,-3.23998,0.0,-3.64666,0.34849
22,15,True,0.41061,0.0,2.06984,-2.35287
22,16,False,-1.13359,0.44137,-3.30339,0.1427
22,16,True,0.33134,-2.16339,1.81098,-1.81998
22,17,False,-1.18457,-0.02616,-3.29206,0.0
22,17,True,12.51482,-1.94727,-0.48675,0.0
22,19,False,0.0,-3.58464,0.0,0.0
22,19,True,0.0,-1.35,0.0,0.0
22,21,False,54.92434,61.81027,0.0,0.0
22,21,True,54.00636,44.73226,0.0,0.0
22,25,False,5.14239,11.96931,0.0,3.56294
22,25,True,9.49666,0.04147,0.0,-2.57356
22,26,False,7.16231,8.11328,10.13221,-0.84177
22,26,True,6.21037,-2.30291,1.27575,-3.69653
22,27,False,0.0,0.0,6.60344,-2.79677
22,27,True,0.0,0.0,1.41479,-3.1871
22,28,False,-2.89027,0.08331,1.86809,-2.8374
22,28,True,-1.38532,-3.50022,-0.86049,-2.33257
22,29,False,-2.72645,-0.15748,0.63354,-2.97308
22,29,True,-1.02351,-2.27776,-0.88892,-3.12605
22,30,False,-2.39949,-0.55687,0.45031,-2.84549
22,30,True,-0.64466,-2.45265,-0.96604,-2.59024
22,31,False,0.0,0.0,0.94242,0.0
22,31,True,0.0,0.0,-1.37158,0.0
23,1,False,-2.8,0.0,0.0,-2.7
23,1,True,-0.62237,0.0,0.0,-0.2455
23,2,False,-2.75,-2.65,-2.75,0.0
23,2,True,-0.19743,-0.75,-1.39178,0.0
23,4,False,-2.65,-2.55,0.0,-2.55
23,4,True,-0.29527,-3.01635,0.0,-2.08441
23,5,False,-2.6,-2.5,-2.6,-2.5
23,5,True,-1.94221,-2.76263,-1.87796,-2.05783
23,6,False,-2.55,-2.45,-2.55,-2.45
23,6,True,0.85508,-2.50738,-0.34877,-2.8168
23,7,False,-2.5,-2.4,-2.5,0.0
23,7,True,0.3089,-2.33645,0.93626,0.0
23,10,False,-4.10985,-1.91406,0.0,-0.78054
23,10,True,1.78404,-2.42913,0.0,-1.99335
23,11,False,-3.70171,-0.85549,-3.38214,-1.33222
23,11,True,-0.14688,-1.97512,-0.9,-1.44913
23,12,False,-3.83507,-1.5138,-3.35796,0.0
23,12,True,2.07817,-2.23447,-0.95,0.0
23,14,False,-3.35909,0.0,0.0,0.0
23,14,True,1.34152,0.0,0.0,0.0
23,16,False,-2.74924,-0.19162,0.0,-0.20085
23,16,True,1.42881,-2.86891,0.0,-2.313
23,17,False,-3.04536,-2.09792,-3.17882,-2.18662
23,17,True,-0.30819,-2.07194,0.4162,-2.64419
23,18,False,0.0,-4.12754,-4.00269,-3.98901
23,18,True,0.0,-1.35,-0.33059,-2.04552
23,19,False,-6.74132,0.0,-6.0275,0.0
23,19,True,-1.3,0.0,-0.8695,0.0
23,21,False,56.3377,66.46903,0.0,65.469
23,21,True,52.8461,43.78297,0.0,42.78296
23,22,False,0.0,68.19691,56.78704,66.7398
23,22,True,0.0,42.7594,48.73226,41.87146
23,23,False,0.0,69.66332,41.46001,0.0
23,23,True,0.0,41.80858,46.78294,0.0
23,25,False,6.85413,14.14541,0.0,3.36338
23,25,True,7.09031,2.84508,0.0,-1.45263
23,26,False,2.00813,3.18421,12.32327,0.0
23,26,True,1.78274,-3.61629,3.252,0.0
23,28,False,-3.141,-0.93066,0.0,-3.6687
23,28,True,-0.84838,-2.47879,0.0,-3.72954
23,29,False,-3.48566,0.0,-0.47242,-3.73469
23,29,True,-0.65869,0.0,-1.8,-3.32876
23,30,False,-2.77087,-1.73541,-1.31829,0.0
23,30,True,-0.91773,-1.95,-1.41088,0.0
24,2,False,-2.7,-2.7,0.0,-2.6
24,2,True,-0.38237,-0.8,0.0,-1.45862
24,3,False,0.0,-2.65,-2.65,-2.55
24,3,True,0.0,-4.59157,-2.40665,-0.30745
24,4,False,-2.6,-2.6,-2.6,-2.5
24,4,True,-1.31499,-1.40176,-3.94458,-2.76263
24,5,False,-2.55,-2.55,-2.55,-2.45
24,5,True,-0.48198,-0.75,-0.21938,-2.34527
24,6,False,-2.5,-2.5,-2.5,-2.4
24,6,True,0.81122,-1.82303,-0.44463,-2.83701
24,7,False,-2.45,0.0,-2.45,-2.20497
24,7,True,0.26905,0.0,0.39724,-2.78921
24,8,False,0.0,0.0,-3.08544,-1.66043
24,8,True,0.0,0.0,0.17067,-2.69005
24,9,False,0.0,-3.91658,-4.35558,-1.54874
24,9,True,0.0,-2.81961,-0.40485,-2.16244
24,10,False,-3.93705,-2.3,-3.74595,-1.25634
24,10,True,1.39941,-2.04473,-0.03202,-2.72612
24,11,False,-3.56466,0.0,-4.27755,-1.57171
24,11,True,-0.21999,0.0,0.79065,-1.7484
24,12,False,-3.75925,0.0,-2.88736,-3.02982
24,12,True,0.37644,0.0,-0.10528,-2.56968
24,13,False,0.0,-3.86309,-4.30252,0.0
24,13,True,0.0,-2.08235,-0.02513,0.0
24,15,False,0.0,-3.05246,0.0,-0.1401
24,15,True,0.0,-2.92659,0.0,-2.84962
24,16,False,-3.07058,-3.82848,-3.88609,-1.98976
24,16,True,0.70442,-2.58497,-2.17012,-2.94648
24,17,False,-4.38698,-4.28487,-4.22494,-4.01981
24,17,True,-0.26514,-2.9834,0.67873,-2.78732
24,18,False,-5.92889,-6.02085,-6.30882,0.0
24,18,True,-1.036,-2.02009,0.22315,0.0
24,20,False,0.0,0.0,0.0,66.46711
24,20,True,0.0,0.0,0.0,43.78292
24,21,False,57.80945,60.80801,59.78975,68.19691
24,21,True,48.73226,42.869,42.03115,42.87165
24,22,False,61.46899,62.46776,62.46848,69.99678
24,22,True,46.78259,41.99673,47.78297,41.99592
24,23,False,-1.65,-1.65,-1.65,-1.65
24,23,True,45.91119,40.14438,46.87165,41.15642
24,24,False,0.0,2.74676,25.52852,7.27485
24,24,True,0.0,37.39771,45.99676,31.4264
24,25,False,4.1883,3.17422,19.85416,-1.13046
24,25,True,5.36929,9.36965,41.60969,-0.3767
24,26,False,3.91591,-2.88478,8.32811,-3.72239
24,26,True,1.97201,-2.64774,14.20468,-5.69946
24,27,False,0.0,-3.36378,3.1802,-3.83575
24,27,True,0.0,-3.34881,0.33627,-3.68198
24,28,False,-3.45088,-3.74077,-1.47852,0.0
24,28,True,-0.76415,-3.24494,-2.16932,0.0
24,30,False,-3.27103,-3.66629,0.0,-4.45224
24,30,True,-1.9,-2.0,0.0,-2.0
24,31,False,0.0,0.0,-1.73541,0.0
24,31,True,0.0,0.0,-1.95,0.0
25,0,False,0.0,-2.85,0.0,-2.75
25,0,True,0.0,-0.95,0.0,-0.85
25,1,False,0.0,-2.8,-2.8,-2.7
25,1,True,0.0,-0.9,-0.9,-0.5408
25,2,False,-2.65,-2.75,-2.75,-2.65
25,2,True,-0.73128,-0.85,-0.85,-0.75
25,3,False,-2.6,-2.7,-2.7,-2.6
25,3,True,-1.72533,-0.8,-0.8,-0.2455
25,4,False,-2.55,-2.65,-2.65,-2.55
25,4,True,-0.65,-1.69128,-2.06656,-3.24725
25,5,False,-2.5,0.0,-2.6,-2.5
25,5,True,-0.68176,0.0,-0.7,-1.40088
25,6,False,-2.45,-2.55,-2.55,0.0
25,6,True,1.34264,-1.4906,-0.75,0.0
25,9,False,-1.81846,-2.4,0.0,-2.0264
25,9,True,0.05478,-2.78709,0.0,-2.72882
25,10,False,-2.25,-2.35,-3.21288,0.0
25,10,True,0.47166,-2.6453,-0.31629,0.0
25,13,False,-2.99467,-6.21606,0.0,0.92439
25,13,True,-1.00087,-5.02204,0.0,-3.09404
25,14,False,0.0,-4.11534,-4.04117,0.82952
25,14,True,0.0,-2.8982,-1.06222,-2.51853
25,15,False,0.08997,-4.18378,-2.54472,-0.45085
25,15,True,-1.52352,-2.236,-0.27755,-1.3
25,16,False,0.00965,-2.67102,-3.46082,-0.27195
25,16,True,0.29796,-1.35,-1.25,-2.57847
25,17,False,-1.848,-3.0101,-3.95832,-1.58574
25,17,True,0.59072,-2.51602,-0.89786,-2.31592
25,18,False,-3.94971,-5.04818,-4.11903,0.0
25,18,True,-0.13337,-2.25241,-0.79949,0.0
25,21,False,62.92894,37.44339,0.0,66.46884
25,21,True,47.78243,24.40704,0.0,39.59728
25,22,False,68.19691,41.55968,57.40314,58.96289
25,22,True,46.87165,32.95761,43.54683,38.52741
25,23,False,67.7181,21.59625,39.87934,11.18431
25,23,True,36.89856,15.104,45.99505,35.10519
25,24,False,8.10858,0.0,26.11963,0.8228
25,24,True,44.84283,0.0,26.5551,18.40911
25,25,False,14.81343,-2.70384,1.82528,0.89666
25,25,True,14.50983,3.42483,34.89258,-0.51524
25,26,False,-0.13475,0.0,8.71469,-2.93677
25,26,True,2.30501,0.0,6.1618,-3.31592
25,27,False,-2.11566,0.0,0.28907,-3.4824
25,27,True,-2.1251,0.0,1.9898,-3.31153
25,28,False,-1.09793,-4.03665,-0.67853,-4.58356
25,28,True,0.02581,-4.32476,-0.82593,-4.19529
25,29,False,0.0,-3.92075,-0.98293,-4.28346
25,29,True,0.0,-2.61389,0.23797,-3.76921
25,30,False,-1.64157,-3.53612,-1.30405,0.0
25,30,True,-1.95,-2.7388,-1.49921,0.0
26,0,False,-2.8,-2.9,0.0,-2.8
26,0,True,-0.9,-1.0,0.0,-0.9
26,1,False,-2.75,-2.85,-2.85,-2.75
26,1,True,-0.59032,-0.95,-0.95,-0.85
26,2,False,-2.7,-2.8,-2.8,-2.7
26,2,True,-0.8,-0.9,-0.9,-0.8
26,3,False,-2.65,-2.75,-2.75,-2.65
26,3,True,-0.75,-0.85,-0.85,-0.75
26,4,False,-2.6,-2.7,-2.7,0.0
26,4,True,-0.44176,-0.8,-0.8,0.0
26,6,False,-2.5,-2.6,0.0,-2.5
26,6,True,-0.24389,-2.02642,0.0,-1.54001
26,7,False,0.0,-2.55,-2.55,0.0
26,7,True,0.0,-1.9525,-0.39296,0.0
26,9,False,-2.35,-2.45,0.0,-2.35
26,9,True,-0.58115,-3.00589,0.0,-2.2911
26,10,False,-2.3,0.0,-2.4,-2.3
26,10,True,0.22393,0.0,-0.24592,-2.41131
26,11,False,0.0,0.0,-2.35,-2.25
26,11,True,0.0,0.0,0.69697,-2.51601
26,12,False,0.0,-3.3548,-2.3,-2.84023
26,12,True,0.0,-2.78663,0.97275,-4.51352
26,13,False,-1.28584,-5.94069,-3.90951,-0.36467
26,13,True,-1.07547,-2.66648,0.62775,-3.7854
26,14,False,0.50108,-3.99461,-6.27252,0.03962
26,14,True,-0.91873,-1.996,-1.73761,-1.3
26,15,False,0.68695,0.0,-4.30408,0.63466
26,15,True,-1.25,0.0,-1.16168,-1.35
26,16,False,-0.24444,0.0,-3.93184,0.69937
26,16,True,-1.276,0.0,-1.3,-1.4
26,17,False,-0.0501,-3.14357,-3.0227,-1.41969
26,17,True,0.6996,-2.02308,-1.08552,-2.96267
26,18,False,-1.68879,-3.89755,-2.83596,0.0
26,18,True,-0.47328,-2.50292,-0.3252,0.0
26,20,False,0.0,-3.61544,0.0,24.87116
26,20,True,0.0,-3.28496,0.0,6.90427
26,21,False,54.97086,0.0,7.09295,26.61037
26,21,True,40.61607,0.0,2.47776,9.95451
26,22,False,61.67684,10.54378,14.09082,20.63236
26,22,True,44.60425,7.48503,16.87988,4.86828
26,23,False,33.51328,13.33275,28.59861,0.0
26,23,True,34.54518,4.181,8.13165,0.0
26,25,False,3.80142,0.0,0.0,0.0
26,25,True,12.78623,0.0,0.0,0.0
26,28,False,-0.4508,-3.15087,0.0,-2.57675
26,28,True,-0.08307,-3.32448,0.0,-3.13774
26,29,False,-1.50744,0.0,-1.3363,-3.41663
26,29,True,-1.37411,0.0,-1.84331,-2.05
26,30,False,-1.17257,0.0,-1.10291,-3.46111
26,30,True,-1.69181,0.0,-2.0,-2.1
26,31,False,0.0,-2.15,-1.05191,0.0
26,31,True,0.0,-2.15,-2.05,0.0
27,0,False,-2.85,-2.95,0.0,-2.85
27,0,True,-0.95,-1.05,0.0,-0.95
27,1,False,-2.8,-2.9,-2.9,-2.8
27,1,True,-0.63984,-1.0,-1.0,-0.9
27,2,False,-2.75,-2.85,-2.85,-2.75
27,2,True,-0.85,-0.95,-0.95,-0.85
27,3,False,-2.7,-2.8,-2.8,-2.7
27,3,True,-0.8,-0.9,-0.9,-0.8
27,4,False,-2.65,-2.75,-2.75,0.0
27,4,True,-0.75,-1.57336,-0.85,0.0
27,6,False,-2.55,-2.65,0.0,-2.55
27,6,True,-0.39296,-3.47531,0.0,-2.00853
27,7,False,-2.5,-2.6,-2.6,0.0
27,7,True,-0.18655,-1.55038,-0.15199,0.0
27,9,False,-2.4,-2.5,0.0,0.0
27,9,True,-0.22383,-2.77284,0.0,0.0
27,12,False,-1.65211,-4.59114,0.0,-2.89515
27,12,True,0.37703,-1.25,0.0,-2.60588
27,13,False,-2.87358,0.0,-4.01623,-0.47862
27,13,True,-1.85181,0.0,-0.93696,-1.3
27,14,False,-0.40303,0.0,-5.92927,0.0
27,14,True,-1.25,0.0,-1.64588,0.0
27,17,False,0.21192,-3.38957,0.0,-1.51127
27,17,True,0.36531,-2.61495,0.0,-2.77043
27,18,False,-1.91976,-4.19101,-3.12092,0.0
27,18,True,-0.85909,-2.5043,-0.00276,0.0
27,20,False,3.03354,-3.05871,0.0,0.0
27,20,True,0.53038,-2.81768,0.0,0.0
27,22,False,26.09523,0.0,0.0,12.47534
27,22,True,17.27462,0.0,0.0,3.16118
27,23,False,24.59879,9.08958,-1.03054,0.0
27,23,True,11.85009,1.21427,6.89815,0.0
27,26,False,0.0,0.0,0.0,-2.58292
27,26,True,0.0,0.0,0.0,-4.29832
27,27,False,0.0,-2.68928,-1.65328,-2.0
27,27,True,0.0,-3.63463,-2.2228,-3.24367
27,28,False,-1.91976,-3.13816,-1.67976,0.0
27,28,True,-1.74476,-3.02464,-0.95979,0.0
27,31,False,-2.1,-2.2,0.0,0.0
27,31,True,-2.1,-2.2,0.0,0.0
28,0,False,-2.9,-3.0,0.0,-2.9
28,0,True,-1.0,-2.03792,0.0,-0.73888
28,1,False,-2.85,-2.95,-2.95,-2.85
28,1,True,-0.68936,-1.05,-1.9884,-0.95
28,2,False,-2.8,0.0,-2.9,-2.8
28,2,True,-0.9,0.0,-1.0,-0.9
28,3,False,-2.75,-2.85,-2.85,-2.75
28,3,True,-0.85,-0.95,-0.95,-0.85
28,4,False,-2.7,-2.8,-2.8,-2.7
28,4,True,-1.2608,-2.07189,-0.9,-1.54001
28,5,False,0.0,-2.75,-2.75,-2.65
28,5,True,0.0,-2.28638,-0.416,-1.82942
28,6,False,-2.6,0.0,-2.7,-2.6
28,6,True,-0.03779,0.0,-0.38229,-2.71065
28,7,False,-2.55,0.0,-2.65,-2.55
28,7,True,-0.06977,0.0,-0.61386,-1.05
28,8,False,0.0,-2.6,-2.6,-2.5
28,8,True,0.0,-2.57957,-0.39193,-1.1
28,9,False,-2.45,-2.55,-2.55,-2.45
28,9,True,-0.33028,-1.15,-0.52942,-2.08744
28,10,False,0.0,-2.5,-2.5,0.0
28,10,True,0.0,-1.2,-0.75325,0.0
28,12,False,-1.36561,-2.4,0.0,0.0
28,12,True,-0.66635,-1.99058,0.0,0.0
28,15,False,0.0,-2.25,0.0,-2.53524
28,15,True,0.0,-3.18441,0.0,-4.51963
28,16,False,0.0,-3.54084,-2.88736,-0.78297
28,16,True,0.0,-2.71572,-0.72829,-3.12248
28,17,False,-0.13209,0.0,-5.7207,-1.25894
28,17,True,0.33922,0.0,-2.58183,-3.6339
28,18,False,-1.22898,-6.06325,-3.56256,-0.08466
28,18,True,0.0781,-3.94673,0.56899,-3.07547
28,19,False,0.0,-3.12337,-4.47063,0.33015
28,19,True,0.0,-3.37425,0.20655,-2.60199
28,20,False,0.7804,-3.89093,-3.07032,0.0
28,20,True,-1.48408,-2.79197,0.60064,0.0
28,23,False,18.94947,0.0,0.0,0.31062
28,23,True,6.5671,0.0,0.0,0.80955
28,24,False,0.0,0.0,10.13316,-1.44568
28,24,True,0.0,0.0,5.78853,-2.38229
28,25,False,0.0,-2.57761,4.9696,0.0
28,25,True,0.0,-2.46174,1.95694,0.0
28,27,False,-1.95,-2.9788,0.0,-3.45258
28,27,True,-1.41753,-3.89265,0.0,-3.81729
28,28,False,-1.46127,0.0,-1.36716,-2.78832
28,28,True,-0.9369,0.0,-0.85802,-2.78832
28,29,False,0.0,-3.07784,-1.71643,0.0
28,29,True,0.0,-2.15,-1.7788,0.0
28,31,False,-2.15,-2.25,0.0,0.0
28,31,True,-2.15,-2.25,0.0,0.0
29,0,False,-2.95,0.0,0.0,-2.95
29,0,True,-1.0284,0.0,0.0,-1.05
29,1,False,-2.9,-3.0,-3.0,0.0
29,1,True,-0.73888,-1.1,-1.1,0.0
29,3,False,-2.8,0.0,0.0,-2.8
29,3,True,-0.9,0.0,0.0,-0.63984
29,4,False,-2.75,-2.85,-2.85,-2.75
29,4,True,-0.59032,-1.64936,-1.64936,-2.36936
29,5,False,-2.7,0.0,-2.8,0.0
29,5,True,-0.53985,0.0,-0.58001,0.0
29,8,False,-2.55,-2.65,0.0,-2.55
29,8,True,-0.43848,-1.84744,0.0,-1.15
29,9,False,-2.5,-2.6,-2.6,-2.5
29,9,True,-1.1,-1.2,-1.1,-1.2
29,10,False,-2.45,-2.55,-2.55,0.0
29,10,True,-1.15,-1.88588,-1.15,0.0
29,12,False,-2.35,-2.45,0.0,-1.96497
29,12,True,-1.2086,-1.35,0.0,-3.12664
29,13,False,0.0,-3.42168,-3.08544,-1.6528
29,13,True,0.0,-2.62327,-0.67334,-3.07821
29,14,False,0.0,-4.29458,-3.39836,-2.06202
29,14,True,0.0,-2.08351,-0.27497,-3.91255
29,15,False,-2.2,-2.3,-4.16773,-1.80891
29,15,True,-1.41977,-3.08282,-0.17467,-2.68631
29,16,False,-2.8228,0.0,-3.17688,0.0
29,16,True,-2.10956,0.0,-1.31624,0.0
29,18,False,-1.1511,-6.69158,0.0,-0.14206
29,18,True,-0.92109,-3.06264,0.0,-2.27108
29,19,False,0.24187,-6.11181,-5.59623,-2.0
29,19,True,0.18928,-3.05056,-2.29946,-2.73667
29,20,False,-0.57154,-3.06781,-3.02728,-2.07869
29,20,True,0.65149,-2.44168,-1.1039,-2.44168
29,21,False,0.0,-4.5158,-3.80738,-4.01223
29,21,True,0.0,-2.4912,-1.7,-2.4912
29,22,False,0.0,-6.66914,-6.23451,0.0
29,22,True,0.0,-1.85,-1.48168,0.0
29,25,False,-1.42522,0.0,0.0,-2.0
29,25,True,1.34705,0.0,0.0,-3.31846
29,26,False,0.0,0.0,-1.67976,-2.05
29,26,True,0.0,0.0,0.17787,-4.03599
29,27,False,-2.0,-2.1,-1.72928,0.0
29,27,True,-0.50172,-3.78482,0.52917,0.0
29,29,False,-1.82832,-2.2,0.0,-3.82474
29,29,True,-2.1,-2.2,0.0,-2.2
29,30,False,0.0,-3.87379,-2.0934,-2.25
29,30,True,0.0,-2.25,-2.15,-2.25
29,31,False,-2.2,0.0,-2.2,0.0
29,31,True,-2.2,0.0,-2.2,0.0
30,1,False,-2.95,0.0,0.0,-2.95
30,1,True,-0.7884,0.0,0.0,-1.05
30,2,False,0.0,-3.0,-3.0,0.0
30,2,True,0.0,-1.1,-2.51792,0.0
30,4,False,-2.8,-2.9,0.0,0.0
30,4,True,-0.9,-2.48237,0.0,0.0
30,6,False,0.0,-2.8,0.0,-2.7
30,6,True,0.0,-1.1,0.0,-1.1
30,7,False,0.0,-2.75,-2.75,-2.65
30,7,True,0.0,-1.15,-1.05,-1.15
30,8,False,-2.6,-2.7,-2.7,-2.6
30,8,True,-0.83792,-1.2,-1.1,-1.2
30,9,False,-2.55,0.0,-2.65,-2.55
30,9,True,-1.15,0.0,-1.15,-1.25
30,10,False,-2.5,-2.6,-2.6,-2.5
30,10,True,-0.93696,-1.996,-1.2,-1.93528
30,11,False,0.0,-2.55,-2.55,-2.45
30,11,True,0.0,-2.35057,-0.98648,-2.28552
30,12,False,-2.4,-2.5,-2.5,-2.12544
30,12,True,-0.83536,-2.77611,-1.3,-1.4
30,13,False,-1.51405,-3.13496,-2.45,-2.35
30,13,True,-1.02469,-2.52216,-1.15363,-1.45
30,14,False,-1.44142,0.0,-3.08544,-2.2664
30,14,True,-0.81241,0.0,-1.11539,-1.5
30,15,False,-2.12889,-3.40986,-2.35,0.0
30,15,True,-1.45,-1.55,-0.84744,0.0
30,17,False,0.0,-4.55159,0.0,-3.94744
30,17,True,0.0,-2.34264,0.0,-3.00646
30,18,False,-2.64516,-5.38912,-5.69409,-2.22277
30,18,True,-1.99742,-2.39216,-1.35616,-4.1238
30,19,False,0.27699,0.0,-6.71179,-0.34475
30,19,True,-1.03011,0.0,-2.44665,-2.44168
30,20,False,-1.16621,-3.48178,-5.47702,-0.55755
30,20,True,-1.02045,-2.90771,-2.35298,-1.8
30,21,False,-2.24409,-4.53704,-3.28074,-2.85446
30,21,True,-1.75,-2.78072,-1.75,-1.85
30,22,False,-4.57607,0.0,-4.62843,0.0
30,22,True,-1.8,0.0,-1.8,0.0
30,24,False,0.0,-2.0,0.0,0.0
30,24,True,0.0,-2.0,0.0,0.0
30,27,False,-2.05,-2.15,0.0,0.0
30,27,True,-0.22557,-4.32815,0.0,0.0
30,29,False,-2.15,0.0,0.0,-2.25
30,29,True,-2.15,0.0,0.0,-2.25
30,30,False,-2.14255,-2.9864,-2.2,0.0
30,30,True,-2.2,-2.3,-2.2,0.0
31,0,False,0.0,0.0,0.0,0.0
31,0,True,0.0,0.0,0.0,0.0
31,2,False,-2.95,0.0,0.0,-2.95
31,2,True,-0.81144,0.0,0.0,-0.52942
31,3,False,0.0,0.0,-3.0,-2.9
31,3,True,0.0,0.0,-2.56571,-0.48038
31,4,False,-2.85,0.0,-2.95,0.0
31,4,True,-0.49127,0.0,-2.51714,0.0
31,6,False,-2.75,0.0,0.0,-2.75
31,6,True,-1.05,0.0,0.0,-1.15
31,7,False,-2.7,0.0,-2.8,-2.7
31,7,True,-1.1,0.0,-1.1,-1.2
31,8,False,-2.65,0.0,-2.75,0.0
31,8,True,-1.15,0.0,-1.15,0.0
31,10,False,-2.55,0.0,0.0,-2.55
31,10,True,-0.98648,0.0,0.0,-2.66585
31,11,False,-2.5,0.0,-2.6,-2.5
31,11,True,-0.68287,0.0,-0.57602,-2.34526
31,12,False,-2.41496,0.0,-2.55,-2.45
31,12,True,-1.30692,0.0,-0.54334,-2.47577
31,13,False,-2.4,0.0,-3.18448,0.0
31,13,True,-0.85404,0.0,-0.74782,0.0
31,15,False,-2.21383,0.0,0.0,-1.3036
31,15,True,-1.5,0.0,0.0,-1.6
31,16,False,0.0,0.0,-4.13043,-1.4181
31,16,True,0.0,0.0,-1.55,-2.28115
31,17,False,-2.26598,0.0,-3.99759,-2.36488
31,17,True,-1.35616,0.0,-1.33312,-1.7
31,18,False,-3.94044,0.0,-4.48062,0.0
31,18,True,-2.10264,0.0,-1.65,0.0
31,20,False,0.14817,0.0,0.0,-0.73901
31,20,True,-1.12278,0.0,0.0,-1.85
31,21,False,-0.68264,0.0,-3.40328,0.0
31,21,True,-1.8,0.0,-1.46938,0.0
31,23,False,0.0,0.0,0.0,-2.0
31,23,True,0.0,0.0,0.0,-2.0
31,24,False,-1.95,0.0,-1.95,0.0
31,24,True,-1.95,0.0,-1.95,0.0
31,26,False,0.0,0.0,0.0,-2.15
31,26,True,0.0,0.0,0.0,-4.77957
31,27,False,-2.1,0.0,-2.1,-2.2
31,27,True,-0.04226,0.0,-3.82263,-5.12592
31,28,False,0.0,0.0,-2.15,0.0
31,28,True,0.0,0.0,-0.87309,0.0
31,30,False,-2.20936,0.0,0.0,-2.35
31,30,True,-2.25,0.0,0.0,-2.35
31,31,False,0.0,0.0,-2.3,0.0
31,31,True,0.0,0.0,-2.3,0.0
